onset	duration	trial_type	value	sample
32.376666666666665	0.5	nontarget	29	9713
32.376666666666665	0.5	A	2	9713
32.81666666666667	0.5	target	30	9845
32.81666666666667	0.5	Q	18	9845
33.263333333333335	0.5	nontarget	29	9979
33.263333333333335	0.5	I	10	9979
33.71	0.5	nontarget	29	10113
33.71	0.5	K	12	10113
34.163333333333334	0.5	nontarget	29	10249
34.163333333333334	0.5	_	28	10249
34.61	0.5	nontarget	29	10383
34.61	0.5	S	20	10383
35.056666666666665	0.5	nontarget	29	10517
35.056666666666665	0.5	C	4	10517
35.5	0.5	nontarget	29	10650
35.5	0.5	W	24	10650
35.95333333333333	0.5	nontarget	29	10786
35.95333333333333	0.5	N	15	10786
36.4	0.5	nontarget	29	10920
36.4	0.5	T	21	10920
43.153333333333336	0.5	nontarget	29	12946
43.153333333333336	0.5	O	16	12946
43.60333333333333	0.5	nontarget	29	13081
43.60333333333333	0.5	Q	18	13081
44.05	0.5	nontarget	29	13215
44.05	0.5	G	8	13215
44.49666666666667	0.5	nontarget	29	13349
44.49666666666667	0.5	F	7	13349
44.943333333333335	0.5	nontarget	29	13483
44.943333333333335	0.5	U	22	13483
45.39	0.5	nontarget	29	13617
45.39	0.5	I	10	13617
45.836666666666666	0.5	nontarget	29	13751
45.836666666666666	0.5	A	2	13751
46.28333333333333	0.5	nontarget	29	13885
46.28333333333333	0.5	W	24	13885
46.733333333333334	0.5	nontarget	29	14020
46.733333333333334	0.5	R	19	14020
47.17666666666667	0.5	nontarget	29	14153
47.17666666666667	0.5	_	28	14153
53.93	0.5	nontarget	29	16179
53.93	0.5	F	7	16179
54.376666666666665	0.5	nontarget	29	16313
54.376666666666665	0.5	R	19	16313
54.82333333333333	0.5	nontarget	29	16447
54.82333333333333	0.5	N	15	16447
55.27	0.5	nontarget	29	16581
55.27	0.5	D	5	16581
55.71333333333333	0.5	nontarget	29	16714
55.71333333333333	0.5	B	3	16714
56.156666666666666	0.5	nontarget	29	16847
56.156666666666666	0.5	C	4	16847
56.60333333333333	0.5	nontarget	29	16981
56.60333333333333	0.5	M	14	16981
57.04666666666667	0.5	nontarget	29	17114
57.04666666666667	0.5	<	1	17114
57.49333333333333	0.5	nontarget	29	17248
57.49333333333333	0.5	E	6	17248
57.94	0.5	target	30	17382
57.94	0.5	S	20	17382
64.68666666666667	0.5	target	30	19406
64.68666666666667	0.5	K	12	19406
65.13	0.5	nontarget	29	19539
65.13	0.5	S	20	19539
65.57333333333334	0.5	nontarget	29	19672
65.57333333333334	0.5	P	17	19672
66.02	0.5	nontarget	29	19806
66.02	0.5	I	10	19806
66.46666666666667	0.5	nontarget	29	19940
66.46666666666667	0.5	Y	26	19940
66.91333333333333	0.5	nontarget	29	20074
66.91333333333333	0.5	_	28	20074
67.35666666666667	0.5	nontarget	29	20207
67.35666666666667	0.5	E	6	20207
67.75	0.5	nontarget	29	20325
67.75	0.5	R	19	20325
68.15333333333334	0.5	nontarget	29	20446
68.15333333333334	0.5	D	5	20446
68.55666666666667	0.5	nontarget	29	20567
68.55666666666667	0.5	U	22	20567
75.08	0.5	nontarget	29	22524
75.08	0.5	Z	27	22524
75.48333333333333	0.5	nontarget	29	22645
75.48333333333333	0.5	S	20	22645
75.88666666666667	0.5	target	30	22766
75.88666666666667	0.5	Y	26	22766
76.29	0.5	nontarget	29	22887
76.29	0.5	_	28	22887
76.69333333333333	0.5	nontarget	29	23008
76.69333333333333	0.5	J	11	23008
77.09333333333333	0.5	nontarget	29	23128
77.09333333333333	0.5	I	10	23128
77.49333333333334	0.5	nontarget	29	23248
77.49333333333334	0.5	E	6	23248
77.89666666666666	0.5	nontarget	29	23369
77.89666666666666	0.5	N	15	23369
78.29333333333334	0.5	nontarget	29	23488
78.29333333333334	0.5	O	16	23488
78.69	0.5	nontarget	29	23607
78.69	0.5	F	7	23607
85.20666666666666	0.5	nontarget	29	25562
85.20666666666666	0.5	O	16	25562
85.61	0.5	nontarget	29	25683
85.61	0.5	N	15	25683
86.01666666666667	0.5	nontarget	29	25805
86.01666666666667	0.5	S	20	25805
86.41666666666667	0.5	nontarget	29	25925
86.41666666666667	0.5	Q	18	25925
86.82	0.5	nontarget	29	26046
86.82	0.5	_	28	26046
87.22333333333333	0.5	nontarget	29	26167
87.22333333333333	0.5	A	2	26167
87.62333333333333	0.5	nontarget	29	26287
87.62333333333333	0.5	J	11	26287
88.02666666666667	0.5	nontarget	29	26408
88.02666666666667	0.5	H	9	26408
88.42666666666666	0.5	nontarget	29	26528
88.42666666666666	0.5	I	10	26528
88.83	0.5	target	30	26649
88.83	0.5	<	1	26649
95.33666666666667	0.5	nontarget	29	28601
95.33666666666667	0.5	B	3	28601
95.73666666666666	0.5	target	30	28721
95.73666666666666	0.5	<	1	28721
96.14	0.5	nontarget	29	28842
96.14	0.5	U	22	28842
96.54333333333334	0.5	nontarget	29	28963
96.54333333333334	0.5	W	24	28963
96.94666666666667	0.5	nontarget	29	29084
96.94666666666667	0.5	M	14	29084
97.35	0.5	nontarget	29	29205
97.35	0.5	_	28	29205
97.75	0.5	nontarget	29	29325
97.75	0.5	I	10	29325
98.15333333333334	0.5	nontarget	29	29446
98.15333333333334	0.5	R	19	29446
98.55333333333333	0.5	nontarget	29	29566
98.55333333333333	0.5	F	7	29566
98.95666666666666	0.5	nontarget	29	29687
98.95666666666666	0.5	X	25	29687
105.48333333333333	0.5	nontarget	29	31645
105.48333333333333	0.5	H	9	31645
105.88	0.5	nontarget	29	31764
105.88	0.5	F	7	31764
106.27666666666667	0.5	nontarget	29	31883
106.27666666666667	0.5	Q	18	31883
106.67333333333333	0.5	nontarget	29	32002
106.67333333333333	0.5	N	15	32002
107.06666666666666	0.5	nontarget	29	32120
107.06666666666666	0.5	T	21	32120
107.47	0.5	nontarget	29	32241
107.47	0.5	A	2	32241
107.87666666666667	0.5	nontarget	29	32363
107.87666666666667	0.5	G	8	32363
108.27666666666667	0.5	nontarget	29	32483
108.27666666666667	0.5	<	1	32483
108.68	0.5	nontarget	29	32604
108.68	0.5	K	12	32604
109.08	0.5	target	30	32724
109.08	0.5	E	6	32724
115.60666666666667	0.5	nontarget	29	34682
115.60666666666667	0.5	<	1	34682
116.01	0.5	nontarget	29	34803
116.01	0.5	X	25	34803
116.41666666666667	0.5	target	30	34925
116.41666666666667	0.5	N	15	34925
116.82	0.5	nontarget	29	35046
116.82	0.5	K	12	35046
117.22	0.5	nontarget	29	35166
117.22	0.5	_	28	35166
117.62666666666667	0.5	nontarget	29	35288
117.62666666666667	0.5	F	7	35288
118.02666666666667	0.5	nontarget	29	35408
118.02666666666667	0.5	L	13	35408
118.42333333333333	0.5	nontarget	29	35527
118.42333333333333	0.5	P	17	35527
118.82	0.5	nontarget	29	35646
118.82	0.5	R	19	35646
119.22	0.5	nontarget	29	35766
119.22	0.5	S	20	35766
125.72666666666667	0.5	nontarget	29	37718
125.72666666666667	0.5	M	14	37718
126.13	0.5	nontarget	29	37839
126.13	0.5	A	2	37839
126.53666666666666	0.5	nontarget	29	37961
126.53666666666666	0.5	L	13	37961
126.94333333333333	0.5	nontarget	29	38083
126.94333333333333	0.5	B	3	38083
127.34333333333333	0.5	nontarget	29	38203
127.34333333333333	0.5	I	10	38203
127.74666666666667	0.5	nontarget	29	38324
127.74666666666667	0.5	V	23	38324
128.15	0.5	nontarget	29	38445
128.15	0.5	F	7	38445
128.55	0.5	target	30	38565
128.55	0.5	Z	27	38565
128.95333333333335	0.5	nontarget	29	38686
128.95333333333335	0.5	K	12	38686
129.35666666666665	0.5	nontarget	29	38807
129.35666666666665	0.5	_	28	38807
136.0	0.5	target	30	40800
136.0	0.5	Q	18	40800
136.39333333333335	0.5	nontarget	29	40918
136.39333333333335	0.5	I	10	40918
136.79	0.5	nontarget	29	41037
136.79	0.5	Y	26	41037
137.2	0.5	nontarget	29	41160
137.2	0.5	U	22	41160
137.60333333333332	0.5	nontarget	29	41281
137.60333333333332	0.5	F	7	41281
138.01333333333332	0.5	nontarget	29	41404
138.01333333333332	0.5	H	9	41404
138.41666666666666	0.5	nontarget	29	41525
138.41666666666666	0.5	D	5	41525
138.81666666666666	0.5	nontarget	29	41645
138.81666666666666	0.5	E	6	41645
139.22	0.5	nontarget	29	41766
139.22	0.5	P	17	41766
139.62333333333333	0.5	nontarget	29	41887
139.62333333333333	0.5	B	3	41887
146.15	0.5	nontarget	29	43845
146.15	0.5	D	5	43845
146.55	0.5	nontarget	29	43965
146.55	0.5	_	28	43965
146.95333333333335	0.5	nontarget	29	44086
146.95333333333335	0.5	J	11	44086
147.35666666666665	0.5	nontarget	29	44207
147.35666666666665	0.5	K	12	44207
147.75666666666666	0.5	nontarget	29	44327
147.75666666666666	0.5	C	4	44327
148.15333333333334	0.5	nontarget	29	44446
148.15333333333334	0.5	E	6	44446
148.55	0.5	target	30	44565
148.55	0.5	I	10	44565
148.94333333333333	0.5	nontarget	29	44683
148.94333333333333	0.5	M	14	44683
149.35	0.5	nontarget	29	44805
149.35	0.5	N	15	44805
149.75	0.5	nontarget	29	44925
149.75	0.5	P	17	44925
156.26666666666668	0.5	nontarget	29	46880
156.26666666666668	0.5	K	12	46880
156.67	0.5	nontarget	29	47001
156.67	0.5	P	17	47001
157.07	0.5	nontarget	29	47121
157.07	0.5	X	25	47121
157.47666666666666	0.5	nontarget	29	47243
157.47666666666666	0.5	B	3	47243
157.88	0.5	nontarget	29	47364
157.88	0.5	D	5	47364
158.28333333333333	0.5	nontarget	29	47485
158.28333333333333	0.5	C	4	47485
158.68333333333334	0.5	nontarget	29	47605
158.68333333333334	0.5	M	14	47605
159.08666666666667	0.5	nontarget	29	47726
159.08666666666667	0.5	A	2	47726
159.48333333333332	0.5	target	30	47845
159.48333333333332	0.5	_	28	47845
159.88	0.5	nontarget	29	47964
159.88	0.5	S	20	47964
166.4	0.5	nontarget	29	49920
166.4	0.5	W	24	49920
166.80666666666667	0.5	nontarget	29	50042
166.80666666666667	0.5	S	20	50042
167.21	0.5	nontarget	29	50163
167.21	0.5	Z	27	50163
167.61333333333334	0.5	nontarget	29	50284
167.61333333333334	0.5	L	13	50284
168.01333333333332	0.5	nontarget	29	50404
168.01333333333332	0.5	R	19	50404
168.42333333333335	0.5	nontarget	29	50527
168.42333333333335	0.5	T	21	50527
168.82666666666665	0.5	nontarget	29	50648
168.82666666666665	0.5	Q	18	50648
169.23	0.5	nontarget	29	50769
169.23	0.5	M	14	50769
169.63333333333333	0.5	nontarget	29	50890
169.63333333333333	0.5	U	22	50890
170.03333333333333	0.5	nontarget	29	51010
170.03333333333333	0.5	X	25	51010
176.54333333333332	0.5	nontarget	29	52963
176.54333333333332	0.5	_	28	52963
176.94	0.5	nontarget	29	53082
176.94	0.5	U	22	53082
177.34	0.5	nontarget	29	53202
177.34	0.5	A	2	53202
177.73666666666668	0.5	nontarget	29	53321
177.73666666666668	0.5	P	17	53321
178.14	0.5	nontarget	29	53442
178.14	0.5	C	4	53442
178.54	0.5	nontarget	29	53562
178.54	0.5	S	20	53562
178.94333333333333	0.5	target	30	53683
178.94333333333333	0.5	Z	27	53683
179.34666666666666	0.5	nontarget	29	53804
179.34666666666666	0.5	B	3	53804
179.75	0.5	nontarget	29	53925
179.75	0.5	X	25	53925
180.15333333333334	0.5	nontarget	29	54046
180.15333333333334	0.5	L	13	54046
186.68	0.5	nontarget	29	56004
186.68	0.5	Z	27	56004
187.08333333333334	0.5	nontarget	29	56125
187.08333333333334	0.5	G	8	56125
187.48666666666668	0.5	nontarget	29	56246
187.48666666666668	0.5	I	10	56246
187.88666666666666	0.5	nontarget	29	56366
187.88666666666666	0.5	J	11	56366
188.29666666666665	0.5	nontarget	29	56489
188.29666666666665	0.5	X	25	56489
188.69333333333333	0.5	nontarget	29	56608
188.69333333333333	0.5	C	4	56608
189.09	0.5	target	30	56727
189.09	0.5	D	5	56727
189.48666666666668	0.5	nontarget	29	56846
189.48666666666668	0.5	E	6	56846
189.88	0.5	nontarget	29	56964
189.88	0.5	F	7	56964
190.28	0.5	nontarget	29	57084
190.28	0.5	U	22	57084
196.80666666666667	0.5	target	30	59042
196.80666666666667	0.5	B	3	59042
197.21	0.5	nontarget	29	59163
197.21	0.5	L	13	59163
197.61333333333334	0.5	nontarget	29	59284
197.61333333333334	0.5	T	21	59284
198.01666666666668	0.5	nontarget	29	59405
198.01666666666668	0.5	X	25	59405
198.42	0.5	nontarget	29	59526
198.42	0.5	C	4	59526
198.82333333333332	0.5	nontarget	29	59647
198.82333333333332	0.5	O	16	59647
199.22333333333333	0.5	nontarget	29	59767
199.22333333333333	0.5	N	15	59767
199.62666666666667	0.5	nontarget	29	59888
199.62666666666667	0.5	E	6	59888
200.02666666666667	0.5	nontarget	29	60008
200.02666666666667	0.5	J	11	60008
200.42666666666668	0.5	nontarget	29	60128
200.42666666666668	0.5	W	24	60128
206.96333333333334	0.5	nontarget	29	62089
206.96333333333334	0.5	F	7	62089
207.37333333333333	0.5	nontarget	29	62212
207.37333333333333	0.5	A	2	62212
207.77666666666667	0.5	nontarget	29	62333
207.77666666666667	0.5	R	19	62333
208.18	0.5	target	30	62454
208.18	0.5	O	16	62454
208.58333333333334	0.5	nontarget	29	62575
208.58333333333334	0.5	G	8	62575
208.98333333333332	0.5	nontarget	29	62695
208.98333333333332	0.5	H	9	62695
209.38666666666666	0.5	nontarget	29	62816
209.38666666666666	0.5	V	23	62816
209.79	0.5	nontarget	29	62937
209.79	0.5	L	13	62937
210.19666666666666	0.5	nontarget	29	63059
210.19666666666666	0.5	X	25	63059
210.6	0.5	nontarget	29	63180
210.6	0.5	<	1	63180
217.13	0.5	nontarget	29	65139
217.13	0.5	V	23	65139
217.53333333333333	0.5	nontarget	29	65260
217.53333333333333	0.5	G	8	65260
217.93333333333334	0.5	nontarget	29	65380
217.93333333333334	0.5	E	6	65380
218.33	0.5	nontarget	29	65499
218.33	0.5	P	17	65499
218.72666666666666	0.5	nontarget	29	65618
218.72666666666666	0.5	I	10	65618
219.12333333333333	0.5	nontarget	29	65737
219.12333333333333	0.5	O	16	65737
219.52333333333334	0.5	nontarget	29	65857
219.52333333333334	0.5	H	9	65857
219.92333333333335	0.5	target	30	65977
219.92333333333335	0.5	Z	27	65977
220.32666666666665	0.5	nontarget	29	66098
220.32666666666665	0.5	Q	18	66098
220.73333333333332	0.5	nontarget	29	66220
220.73333333333332	0.5	X	25	66220
227.25333333333333	0.5	nontarget	29	68176
227.25333333333333	0.5	B	3	68176
227.65666666666667	0.5	nontarget	29	68297
227.65666666666667	0.5	D	5	68297
228.06	0.5	nontarget	29	68418
228.06	0.5	Z	27	68418
228.46333333333334	0.5	nontarget	29	68539
228.46333333333334	0.5	S	20	68539
228.87666666666667	0.5	nontarget	29	68663
228.87666666666667	0.5	G	8	68663
229.27666666666667	0.5	nontarget	29	68783
229.27666666666667	0.5	R	19	68783
229.68	0.5	nontarget	29	68904
229.68	0.5	V	23	68904
230.08333333333334	0.5	nontarget	29	69025
230.08333333333334	0.5	A	2	69025
230.48333333333332	0.5	target	30	69145
230.48333333333332	0.5	N	15	69145
230.88666666666666	0.5	nontarget	29	69266
230.88666666666666	0.5	C	4	69266
237.4	0.5	nontarget	29	71220
237.4	0.5	A	2	71220
237.80333333333334	0.5	nontarget	29	71341
237.80333333333334	0.5	R	19	71341
238.20333333333335	0.5	target	30	71461
238.20333333333335	0.5	X	25	71461
238.60666666666665	0.5	nontarget	29	71582
238.60666666666665	0.5	Y	26	71582
239.01333333333332	0.5	nontarget	29	71704
239.01333333333332	0.5	E	6	71704
239.41666666666666	0.5	nontarget	29	71825
239.41666666666666	0.5	Z	27	71825
239.82	0.5	nontarget	29	71946
239.82	0.5	L	13	71946
240.22666666666666	0.5	nontarget	29	72068
240.22666666666666	0.5	J	11	72068
240.62666666666667	0.5	nontarget	29	72188
240.62666666666667	0.5	C	4	72188
241.03666666666666	0.5	nontarget	29	72311
241.03666666666666	0.5	S	20	72311
247.56666666666666	0.5	target	30	74270
247.56666666666666	0.5	G	8	74270
247.96666666666667	0.5	nontarget	29	74390
247.96666666666667	0.5	E	6	74390
248.36333333333334	0.5	nontarget	29	74509
248.36333333333334	0.5	K	12	74509
248.76	0.5	nontarget	29	74628
248.76	0.5	<	1	74628
249.15666666666667	0.5	nontarget	29	74747
249.15666666666667	0.5	A	2	74747
249.56333333333333	0.5	nontarget	29	74869
249.56333333333333	0.5	L	13	74869
249.98	0.5	nontarget	29	74994
249.98	0.5	R	19	74994
250.38333333333333	0.5	nontarget	29	75115
250.38333333333333	0.5	O	16	75115
250.78666666666666	0.5	nontarget	29	75236
250.78666666666666	0.5	D	5	75236
251.18666666666667	0.5	nontarget	29	75356
251.18666666666667	0.5	Q	18	75356
257.71666666666664	0.5	target	30	77315
257.71666666666664	0.5	U	22	77315
258.1166666666667	0.5	nontarget	29	77435
258.1166666666667	0.5	L	13	77435
258.5233333333333	0.5	nontarget	29	77557
258.5233333333333	0.5	E	6	77557
258.9266666666667	0.5	nontarget	29	77678
258.9266666666667	0.5	K	12	77678
259.33	0.5	nontarget	29	77799
259.33	0.5	N	15	77799
259.7366666666667	0.5	nontarget	29	77921
259.7366666666667	0.5	C	4	77921
260.14	0.5	nontarget	29	78042
260.14	0.5	<	1	78042
260.54	0.5	nontarget	29	78162
260.54	0.5	Y	26	78162
260.9766666666667	0.5	nontarget	29	78293
260.9766666666667	0.5	Z	27	78293
261.37666666666667	0.5	nontarget	29	78413
261.37666666666667	0.5	H	9	78413
267.8833333333333	0.5	nontarget	29	80365
267.8833333333333	0.5	L	13	80365
268.28333333333336	0.5	nontarget	29	80485
268.28333333333336	0.5	R	19	80485
268.68333333333334	0.5	nontarget	29	80605
268.68333333333334	0.5	N	15	80605
269.09	0.5	nontarget	29	80727
269.09	0.5	S	20	80727
269.49666666666667	0.5	target	30	80849
269.49666666666667	0.5	T	21	80849
269.9	0.5	nontarget	29	80970
269.9	0.5	<	1	80970
270.3066666666667	0.5	nontarget	29	81092
270.3066666666667	0.5	A	2	81092
270.71	0.5	nontarget	29	81213
270.71	0.5	_	28	81213
271.11333333333334	0.5	nontarget	29	81334
271.11333333333334	0.5	X	25	81334
271.5133333333333	0.5	nontarget	29	81454
271.5133333333333	0.5	M	14	81454
278.05333333333334	0.5	nontarget	29	83416
278.05333333333334	0.5	H	9	83416
278.45666666666665	0.5	nontarget	29	83537
278.45666666666665	0.5	<	1	83537
278.86	0.5	nontarget	29	83658
278.86	0.5	O	16	83658
279.2633333333333	0.5	target	30	83779
279.2633333333333	0.5	V	23	83779
279.6666666666667	0.5	nontarget	29	83900
279.6666666666667	0.5	_	28	83900
280.06333333333333	0.5	nontarget	29	84019
280.06333333333333	0.5	I	10	84019
280.46	0.5	nontarget	29	84138
280.46	0.5	B	3	84138
280.88	0.5	nontarget	29	84264
280.88	0.5	A	2	84264
281.28333333333336	0.5	nontarget	29	84385
281.28333333333336	0.5	L	13	84385
281.68	0.5	nontarget	29	84504
281.68	0.5	N	15	84504
288.20666666666665	0.5	nontarget	29	86462
288.20666666666665	0.5	P	17	86462
288.6066666666667	0.5	nontarget	29	86582
288.6066666666667	0.5	M	14	86582
289.01	0.5	nontarget	29	86703
289.01	0.5	O	16	86703
289.41333333333336	0.5	nontarget	29	86824
289.41333333333336	0.5	J	11	86824
289.81666666666666	0.5	nontarget	29	86945
289.81666666666666	0.5	Q	18	86945
290.22333333333336	0.5	target	30	87067
290.22333333333336	0.5	<	1	87067
290.62333333333333	0.5	nontarget	29	87187
290.62333333333333	0.5	S	20	87187
291.03333333333336	0.5	nontarget	29	87310
291.03333333333336	0.5	L	13	87310
291.43666666666667	0.5	nontarget	29	87431
291.43666666666667	0.5	_	28	87431
291.84	0.5	nontarget	29	87552
291.84	0.5	E	6	87552
298.3466666666667	0.5	nontarget	29	89504
298.3466666666667	0.5	E	6	89504
298.74333333333334	0.5	nontarget	29	89623
298.74333333333334	0.5	I	10	89623
299.1433333333333	0.5	nontarget	29	89743
299.1433333333333	0.5	P	17	89743
299.5466666666667	0.5	nontarget	29	89864
299.5466666666667	0.5	T	21	89864
299.94666666666666	0.5	nontarget	29	89984
299.94666666666666	0.5	X	25	89984
300.35	0.5	nontarget	29	90105
300.35	0.5	_	28	90105
300.75333333333333	0.5	nontarget	29	90226
300.75333333333333	0.5	<	1	90226
301.16	0.5	target	30	90348
301.16	0.5	D	5	90348
301.56333333333333	0.5	nontarget	29	90469
301.56333333333333	0.5	F	7	90469
301.96666666666664	0.5	nontarget	29	90590
301.96666666666664	0.5	V	23	90590
308.49333333333334	0.5	nontarget	29	92548
308.49333333333334	0.5	N	15	92548
308.89666666666665	0.5	target	30	92669
308.89666666666665	0.5	V	23	92669
309.3	0.5	nontarget	29	92790
309.3	0.5	G	8	92790
309.69666666666666	0.5	nontarget	29	92909
309.69666666666666	0.5	O	16	92909
310.0933333333333	0.5	nontarget	29	93028
310.0933333333333	0.5	L	13	93028
310.49	0.5	nontarget	29	93147
310.49	0.5	F	7	93147
310.88666666666666	0.5	nontarget	29	93266
310.88666666666666	0.5	_	28	93266
311.29	0.5	nontarget	29	93387
311.29	0.5	E	6	93387
311.6933333333333	0.5	nontarget	29	93508
311.6933333333333	0.5	I	10	93508
312.1	0.5	nontarget	29	93630
312.1	0.5	<	1	93630
318.6166666666667	0.5	target	30	95585
318.6166666666667	0.5	<	1	95585
319.01666666666665	0.5	nontarget	29	95705
319.01666666666665	0.5	N	15	95705
319.42	0.5	nontarget	29	95826
319.42	0.5	I	10	95826
319.8233333333333	0.5	nontarget	29	95947
319.8233333333333	0.5	K	12	95947
320.23333333333335	0.5	nontarget	29	96070
320.23333333333335	0.5	H	9	96070
320.6333333333333	0.5	nontarget	29	96190
320.6333333333333	0.5	U	22	96190
321.04	0.5	nontarget	29	96312
321.04	0.5	S	20	96312
321.43666666666667	0.5	nontarget	29	96431
321.43666666666667	0.5	X	25	96431
321.8333333333333	0.5	nontarget	29	96550
321.8333333333333	0.5	V	23	96550
322.2366666666667	0.5	nontarget	29	96671
322.2366666666667	0.5	P	17	96671
328.75333333333333	0.5	nontarget	29	98626
328.75333333333333	0.5	A	2	98626
329.1566666666667	0.5	nontarget	29	98747
329.1566666666667	0.5	S	20	98747
329.56	0.5	nontarget	29	98868
329.56	0.5	N	15	98868
329.96	0.5	target	30	98988
329.96	0.5	M	14	98988
330.36333333333334	0.5	nontarget	29	99109
330.36333333333334	0.5	<	1	99109
330.77	0.5	nontarget	29	99231
330.77	0.5	E	6	99231
331.17333333333335	0.5	nontarget	29	99352
331.17333333333335	0.5	Q	18	99352
331.57666666666665	0.5	nontarget	29	99473
331.57666666666665	0.5	Y	26	99473
331.98	0.5	nontarget	29	99594
331.98	0.5	H	9	99594
332.38	0.5	nontarget	29	99714
332.38	0.5	F	7	99714
338.8933333333333	0.5	nontarget	29	101668
338.8933333333333	0.5	_	28	101668
339.29333333333335	0.5	nontarget	29	101788
339.29333333333335	0.5	C	4	101788
339.6933333333333	0.5	nontarget	29	101908
339.6933333333333	0.5	B	3	101908
340.1	0.5	nontarget	29	102030
340.1	0.5	H	9	102030
340.50333333333333	0.5	nontarget	29	102151
340.50333333333333	0.5	S	20	102151
340.91333333333336	0.5	nontarget	29	102274
340.91333333333336	0.5	N	15	102274
341.31666666666666	0.5	nontarget	29	102395
341.31666666666666	0.5	F	7	102395
341.71666666666664	0.5	nontarget	29	102515
341.71666666666664	0.5	E	6	102515
342.12	0.5	nontarget	29	102636
342.12	0.5	U	22	102636
342.5233333333333	0.5	target	30	102757
342.5233333333333	0.5	A	2	102757
349.06333333333333	0.5	nontarget	29	104719
349.06333333333333	0.5	J	11	104719
349.46666666666664	0.5	nontarget	29	104840
349.46666666666664	0.5	U	22	104840
350.0133333333333	0.5	nontarget	29	105004
350.0133333333333	0.5	Y	26	105004
350.4166666666667	0.5	nontarget	29	105125
350.4166666666667	0.5	P	17	105125
350.8233333333333	0.5	target	30	105247
350.8233333333333	0.5	N	15	105247
351.2266666666667	0.5	nontarget	29	105368
351.2266666666667	0.5	W	24	105368
351.63	0.5	nontarget	29	105489
351.63	0.5	X	25	105489
352.03333333333336	0.5	nontarget	29	105610
352.03333333333336	0.5	R	19	105610
352.43666666666667	0.5	nontarget	29	105731
352.43666666666667	0.5	I	10	105731
352.84	0.5	nontarget	29	105852
352.84	0.5	S	20	105852
359.35333333333335	0.5	nontarget	29	107806
359.35333333333335	0.5	G	8	107806
359.75	0.5	nontarget	29	107925
359.75	0.5	D	5	107925
360.1533333333333	0.5	nontarget	29	108046
360.1533333333333	0.5	U	22	108046
360.55333333333334	0.5	nontarget	29	108166
360.55333333333334	0.5	W	24	108166
360.96	0.5	nontarget	29	108288
360.96	0.5	_	28	108288
361.36333333333334	0.5	nontarget	29	108409
361.36333333333334	0.5	R	19	108409
361.7633333333333	0.5	target	30	108529
361.7633333333333	0.5	O	16	108529
362.1666666666667	0.5	nontarget	29	108650
362.1666666666667	0.5	H	9	108650
362.56666666666666	0.5	nontarget	29	108770
362.56666666666666	0.5	I	10	108770
362.97333333333336	0.5	nontarget	29	108892
362.97333333333336	0.5	F	7	108892
369.49666666666667	0.5	nontarget	29	110849
369.49666666666667	0.5	N	15	110849
369.9	0.5	nontarget	29	110970
369.9	0.5	U	22	110970
370.2966666666667	0.5	nontarget	29	111089
370.2966666666667	0.5	R	19	111089
370.6933333333333	0.5	target	30	111208
370.6933333333333	0.5	I	10	111208
371.0933333333333	0.5	nontarget	29	111328
371.0933333333333	0.5	J	11	111328
371.49333333333334	0.5	nontarget	29	111448
371.49333333333334	0.5	M	14	111448
371.9	0.5	nontarget	29	111570
371.9	0.5	V	23	111570
372.30333333333334	0.5	nontarget	29	111691
372.30333333333334	0.5	Y	26	111691
372.70666666666665	0.5	nontarget	29	111812
372.70666666666665	0.5	P	17	111812
373.11	0.5	nontarget	29	111933
373.11	0.5	A	2	111933
379.64	0.5	nontarget	29	113892
379.64	0.5	N	15	113892
380.04333333333335	0.5	nontarget	29	114013
380.04333333333335	0.5	L	13	114013
380.44666666666666	0.5	nontarget	29	114134
380.44666666666666	0.5	A	2	114134
380.8833333333333	0.5	nontarget	29	114265
380.8833333333333	0.5	_	28	114265
381.2866666666667	0.5	nontarget	29	114386
381.2866666666667	0.5	Q	18	114386
381.69	0.5	nontarget	29	114507
381.69	0.5	U	22	114507
382.0966666666667	0.5	nontarget	29	114629
382.0966666666667	0.5	M	14	114629
382.5	0.5	nontarget	29	114750
382.5	0.5	H	9	114750
382.9	0.5	nontarget	29	114870
382.9	0.5	E	6	114870
383.3066666666667	0.5	nontarget	29	114992
383.3066666666667	0.5	F	7	114992
389.81	0.5	nontarget	29	116943
389.81	0.5	Z	27	116943
390.21	0.5	nontarget	29	117063
390.21	0.5	P	17	117063
390.61	0.5	nontarget	29	117183
390.61	0.5	Q	18	117183
391.01	0.5	nontarget	29	117303
391.01	0.5	W	24	117303
391.41333333333336	0.5	nontarget	29	117424
391.41333333333336	0.5	A	2	117424
391.82	0.5	nontarget	29	117546
391.82	0.5	L	13	117546
392.22	0.5	nontarget	29	117666
392.22	0.5	O	16	117666
392.62333333333333	0.5	nontarget	29	117787
392.62333333333333	0.5	U	22	117787
393.02666666666664	0.5	target	30	117908
393.02666666666664	0.5	<	1	117908
393.43	0.5	nontarget	29	118029
393.43	0.5	K	12	118029
399.96	0.5	nontarget	29	119988
399.96	0.5	Q	18	119988
400.36	0.5	nontarget	29	120108
400.36	0.5	D	5	120108
400.7966666666667	0.5	nontarget	29	120239
400.7966666666667	0.5	I	10	120239
401.2033333333333	0.5	nontarget	29	120361
401.2033333333333	0.5	P	17	120361
401.6066666666667	0.5	nontarget	29	120482
401.6066666666667	0.5	F	7	120482
402.0133333333333	0.5	nontarget	29	120604
402.0133333333333	0.5	C	4	120604
402.41	0.5	nontarget	29	120723
402.41	0.5	V	23	120723
402.8066666666667	0.5	nontarget	29	120842
402.8066666666667	0.5	Z	27	120842
403.2033333333333	0.5	nontarget	29	120961
403.2033333333333	0.5	A	2	120961
403.60333333333335	0.5	nontarget	29	121081
403.60333333333335	0.5	O	16	121081
410.12	0.5	nontarget	29	123036
410.12	0.5	_	28	123036
410.52	0.5	nontarget	29	123156
410.52	0.5	V	23	123156
410.92333333333335	0.5	nontarget	29	123277
410.92333333333335	0.5	M	14	123277
411.33	0.5	nontarget	29	123399
411.33	0.5	H	9	123399
411.73	0.5	target	30	123519
411.73	0.5	D	5	123519
412.1333333333333	0.5	nontarget	29	123640
412.1333333333333	0.5	I	10	123640
412.5366666666667	0.5	nontarget	29	123761
412.5366666666667	0.5	K	12	123761
412.94	0.5	nontarget	29	123882
412.94	0.5	R	19	123882
413.3433333333333	0.5	nontarget	29	124003
413.3433333333333	0.5	B	3	124003
413.74666666666667	0.5	nontarget	29	124124
413.74666666666667	0.5	G	8	124124
420.25666666666666	0.5	nontarget	29	126077
420.25666666666666	0.5	T	21	126077
420.69	0.5	nontarget	29	126207
420.69	0.5	S	20	126207
421.08666666666664	0.5	nontarget	29	126326
421.08666666666664	0.5	X	25	126326
421.4866666666667	0.5	nontarget	29	126446
421.4866666666667	0.5	U	22	126446
421.88666666666666	0.5	nontarget	29	126566
421.88666666666666	0.5	N	15	126566
422.29	0.5	nontarget	29	126687
422.29	0.5	M	14	126687
422.69666666666666	0.5	target	30	126809
422.69666666666666	0.5	J	11	126809
423.0966666666667	0.5	nontarget	29	126929
423.0966666666667	0.5	F	7	126929
423.5	0.5	nontarget	29	127050
423.5	0.5	H	9	127050
423.91	0.5	nontarget	29	127173
423.91	0.5	E	6	127173
430.44666666666666	0.5	nontarget	29	129134
430.44666666666666	0.5	Y	26	129134
430.8566666666667	0.5	nontarget	29	129257
430.8566666666667	0.5	H	9	129257
431.26	0.5	nontarget	29	129378
431.26	0.5	I	10	129378
431.66333333333336	0.5	nontarget	29	129499
431.66333333333336	0.5	J	11	129499
432.06333333333333	0.5	nontarget	29	129619
432.06333333333333	0.5	<	1	129619
432.46666666666664	0.5	nontarget	29	129740
432.46666666666664	0.5	Z	27	129740
432.86333333333334	0.5	nontarget	29	129859
432.86333333333334	0.5	T	21	129859
433.2633333333333	0.5	nontarget	29	129979
433.2633333333333	0.5	O	16	129979
433.66	0.5	target	30	130098
433.66	0.5	X	25	130098
434.06	0.5	nontarget	29	130218
434.06	0.5	F	7	130218
440.57666666666665	0.5	nontarget	29	132173
440.57666666666665	0.5	H	9	132173
440.98333333333335	0.5	nontarget	29	132295
440.98333333333335	0.5	O	16	132295
441.38666666666666	0.5	nontarget	29	132416
441.38666666666666	0.5	Y	26	132416
441.79	0.5	target	30	132537
441.79	0.5	Q	18	132537
442.19666666666666	0.5	nontarget	29	132659
442.19666666666666	0.5	C	4	132659
442.6	0.5	nontarget	29	132780
442.6	0.5	U	22	132780
443.00333333333333	0.5	nontarget	29	132901
443.00333333333333	0.5	_	28	132901
443.41	0.5	nontarget	29	133023
443.41	0.5	B	3	133023
443.81333333333333	0.5	nontarget	29	133144
443.81333333333333	0.5	K	12	133144
444.21666666666664	0.5	nontarget	29	133265
444.21666666666664	0.5	M	14	133265
450.7266666666667	0.5	nontarget	29	135218
450.7266666666667	0.5	D	5	135218
451.13	0.5	nontarget	29	135339
451.13	0.5	C	4	135339
451.54	0.5	nontarget	29	135462
451.54	0.5	<	1	135462
451.94	0.5	nontarget	29	135582
451.94	0.5	L	13	135582
452.3433333333333	0.5	nontarget	29	135703
452.3433333333333	0.5	Q	18	135703
452.74666666666667	0.5	nontarget	29	135824
452.74666666666667	0.5	O	16	135824
453.15	0.5	target	30	135945
453.15	0.5	U	22	135945
453.55333333333334	0.5	nontarget	29	136066
453.55333333333334	0.5	A	2	136066
453.95666666666665	0.5	nontarget	29	136187
453.95666666666665	0.5	B	3	136187
454.3566666666667	0.5	nontarget	29	136307
454.3566666666667	0.5	Z	27	136307
460.89	0.5	nontarget	29	138267
460.89	0.5	Q	18	138267
461.29333333333335	0.5	nontarget	29	138388
461.29333333333335	0.5	K	12	138388
461.69	0.5	nontarget	29	138507
461.69	0.5	T	21	138507
462.08666666666664	0.5	nontarget	29	138626
462.08666666666664	0.5	P	17	138626
462.48333333333335	0.5	nontarget	29	138745
462.48333333333335	0.5	D	5	138745
462.88	0.5	nontarget	29	138864
462.88	0.5	S	20	138864
463.28333333333336	0.5	nontarget	29	138985
463.28333333333336	0.5	B	3	138985
463.68666666666667	0.5	target	30	139106
463.68666666666667	0.5	H	9	139106
464.09	0.5	nontarget	29	139227
464.09	0.5	W	24	139227
464.49333333333334	0.5	nontarget	29	139348
464.49333333333334	0.5	_	28	139348
471.01	0.5	nontarget	29	141303
471.01	0.5	I	10	141303
471.41333333333336	0.5	nontarget	29	141424
471.41333333333336	0.5	T	21	141424
471.81666666666666	0.5	target	30	141545
471.81666666666666	0.5	V	23	141545
472.22	0.5	nontarget	29	141666
472.22	0.5	S	20	141666
472.62333333333333	0.5	nontarget	29	141787
472.62333333333333	0.5	H	9	141787
473.02666666666664	0.5	nontarget	29	141908
473.02666666666664	0.5	E	6	141908
473.42333333333335	0.5	nontarget	29	142027
473.42333333333335	0.5	J	11	142027
473.82	0.5	nontarget	29	142146
473.82	0.5	Q	18	142146
474.22333333333336	0.5	nontarget	29	142267
474.22333333333336	0.5	P	17	142267
474.62	0.5	nontarget	29	142386
474.62	0.5	R	19	142386
481.14666666666665	0.5	nontarget	29	144344
481.14666666666665	0.5	J	11	144344
481.55	0.5	nontarget	29	144465
481.55	0.5	C	4	144465
481.9533333333333	0.5	nontarget	29	144586
481.9533333333333	0.5	Q	18	144586
482.36333333333334	0.5	nontarget	29	144709
482.36333333333334	0.5	O	16	144709
482.76666666666665	0.5	nontarget	29	144830
482.76666666666665	0.5	V	23	144830
483.1666666666667	0.5	nontarget	29	144950
483.1666666666667	0.5	I	10	144950
483.57	0.5	nontarget	29	145071
483.57	0.5	P	17	145071
483.97333333333336	0.5	nontarget	29	145192
483.97333333333336	0.5	G	8	145192
484.37666666666667	0.5	target	30	145313
484.37666666666667	0.5	E	6	145313
484.77666666666664	0.5	nontarget	29	145433
484.77666666666664	0.5	M	14	145433
491.2866666666667	0.5	nontarget	29	147386
491.2866666666667	0.5	B	3	147386
491.68666666666667	0.5	nontarget	29	147506
491.68666666666667	0.5	D	5	147506
492.09	0.5	nontarget	29	147627
492.09	0.5	E	6	147627
492.49333333333334	0.5	nontarget	29	147748
492.49333333333334	0.5	P	17	147748
492.8933333333333	0.5	nontarget	29	147868
492.8933333333333	0.5	Z	27	147868
493.2966666666667	0.5	nontarget	29	147989
493.2966666666667	0.5	U	22	147989
493.7	0.5	nontarget	29	148110
493.7	0.5	F	7	148110
494.10333333333335	0.5	target	30	148231
494.10333333333335	0.5	V	23	148231
494.51	0.5	nontarget	29	148353
494.51	0.5	G	8	148353
494.9166666666667	0.5	nontarget	29	148475
494.9166666666667	0.5	K	12	148475
501.4533333333333	0.5	nontarget	29	150436
501.4533333333333	0.5	Z	27	150436
501.8566666666667	0.5	nontarget	29	150557
501.8566666666667	0.5	A	2	150557
502.25333333333333	0.5	nontarget	29	150676
502.25333333333333	0.5	Y	26	150676
502.6566666666667	0.5	nontarget	29	150797
502.6566666666667	0.5	X	25	150797
503.0566666666667	0.5	target	30	150917
503.0566666666667	0.5	W	24	150917
503.4533333333333	0.5	nontarget	29	151036
503.4533333333333	0.5	K	12	151036
503.85	0.5	nontarget	29	151155
503.85	0.5	R	19	151155
504.25	0.5	nontarget	29	151275
504.25	0.5	<	1	151275
504.6533333333333	0.5	nontarget	29	151396
504.6533333333333	0.5	N	15	151396
505.0566666666667	0.5	nontarget	29	151517
505.0566666666667	0.5	G	8	151517
511.57666666666665	0.5	nontarget	29	153473
511.57666666666665	0.5	Z	27	153473
511.98333333333335	0.5	nontarget	29	153595
511.98333333333335	0.5	V	23	153595
512.39	0.5	nontarget	29	153717
512.39	0.5	H	9	153717
512.79	0.5	nontarget	29	153837
512.79	0.5	F	7	153837
513.1933333333334	0.5	target	30	153958
513.1933333333334	0.5	_	28	153958
513.5966666666667	0.5	nontarget	29	154079
513.5966666666667	0.5	U	22	154079
514.0	0.5	nontarget	29	154200
514.0	0.5	S	20	154200
514.4	0.5	nontarget	29	154320
514.4	0.5	Q	18	154320
514.8	0.5	nontarget	29	154440
514.8	0.5	W	24	154440
515.1966666666667	0.5	nontarget	29	154559
515.1966666666667	0.5	M	14	154559
521.7233333333334	0.5	nontarget	29	156517
521.7233333333334	0.5	V	23	156517
522.1233333333333	0.5	nontarget	29	156637
522.1233333333333	0.5	I	10	156637
522.5266666666666	0.5	nontarget	29	156758
522.5266666666666	0.5	P	17	156758
522.9266666666666	0.5	nontarget	29	156878
522.9266666666666	0.5	F	7	156878
523.33	0.5	nontarget	29	156999
523.33	0.5	K	12	156999
523.7333333333333	0.5	nontarget	29	157120
523.7333333333333	0.5	U	22	157120
524.1366666666667	0.5	nontarget	29	157241
524.1366666666667	0.5	T	21	157241
524.54	0.5	target	30	157362
524.54	0.5	J	11	157362
524.94	0.5	nontarget	29	157482
524.94	0.5	A	2	157482
525.3433333333334	0.5	nontarget	29	157603
525.3433333333334	0.5	G	8	157603
531.8566666666667	0.5	nontarget	29	159557
531.8566666666667	0.5	T	21	159557
532.2533333333333	0.5	nontarget	29	159676
532.2533333333333	0.5	I	10	159676
532.6533333333333	0.5	nontarget	29	159796
532.6533333333333	0.5	M	14	159796
533.0566666666666	0.5	nontarget	29	159917
533.0566666666666	0.5	S	20	159917
533.46	0.5	nontarget	29	160038
533.46	0.5	H	9	160038
533.8666666666667	0.5	nontarget	29	160160
533.8666666666667	0.5	U	22	160160
534.2666666666667	0.5	nontarget	29	160280
534.2666666666667	0.5	P	17	160280
534.6733333333333	0.5	nontarget	29	160402
534.6733333333333	0.5	G	8	160402
535.0733333333334	0.5	nontarget	29	160522
535.0733333333334	0.5	D	5	160522
535.4766666666667	0.5	target	30	160643
535.4766666666667	0.5	<	1	160643
542.0066666666667	0.5	nontarget	29	162602
542.0066666666667	0.5	L	13	162602
542.41	0.5	nontarget	29	162723
542.41	0.5	Y	26	162723
542.8133333333334	0.5	nontarget	29	162844
542.8133333333334	0.5	N	15	162844
543.21	0.5	target	30	162963
543.21	0.5	A	2	162963
543.6066666666667	0.5	nontarget	29	163082
543.6066666666667	0.5	V	23	163082
544.0033333333333	0.5	nontarget	29	163201
544.0033333333333	0.5	R	19	163201
544.4	0.5	nontarget	29	163320
544.4	0.5	B	3	163320
544.8033333333333	0.5	nontarget	29	163441
544.8033333333333	0.5	<	1	163441
545.2066666666667	0.5	nontarget	29	163562
545.2066666666667	0.5	D	5	163562
545.6066666666667	0.5	nontarget	29	163682
545.6066666666667	0.5	O	16	163682
552.1333333333333	0.5	nontarget	29	165640
552.1333333333333	0.5	Z	27	165640
552.54	0.5	nontarget	29	165762
552.54	0.5	B	3	165762
552.9433333333334	0.5	nontarget	29	165883
552.9433333333334	0.5	F	7	165883
553.3466666666667	0.5	nontarget	29	166004
553.3466666666667	0.5	J	11	166004
553.7533333333333	0.5	nontarget	29	166126
553.7533333333333	0.5	X	25	166126
554.1533333333333	0.5	target	30	166246
554.1533333333333	0.5	H	9	166246
554.5566666666666	0.5	nontarget	29	166367
554.5566666666666	0.5	_	28	166367
554.96	0.5	nontarget	29	166488
554.96	0.5	W	24	166488
555.3566666666667	0.5	nontarget	29	166607
555.3566666666667	0.5	A	2	166607
555.7566666666667	0.5	nontarget	29	166727
555.7566666666667	0.5	Q	18	166727
562.2833333333333	0.5	nontarget	29	168685
562.2833333333333	0.5	U	22	168685
562.6866666666666	0.5	nontarget	29	168806
562.6866666666666	0.5	O	16	168806
563.0866666666667	0.5	target	30	168926
563.0866666666667	0.5	V	23	168926
563.4966666666667	0.5	nontarget	29	169049
563.4966666666667	0.5	R	19	169049
563.9066666666666	0.5	nontarget	29	169172
563.9066666666666	0.5	A	2	169172
564.31	0.5	nontarget	29	169293
564.31	0.5	W	24	169293
564.7133333333334	0.5	nontarget	29	169414
564.7133333333334	0.5	G	8	169414
565.2566666666667	0.5	nontarget	29	169577
565.2566666666667	0.5	Z	27	169577
565.66	0.5	nontarget	29	169698
565.66	0.5	<	1	169698
566.0633333333334	0.5	nontarget	29	169819
566.0633333333334	0.5	T	21	169819
572.59	0.5	nontarget	29	171777
572.59	0.5	F	7	171777
573.0	0.5	nontarget	29	171900
573.0	0.5	O	16	171900
573.4066666666666	0.5	nontarget	29	172022
573.4066666666666	0.5	D	5	172022
573.81	0.5	nontarget	29	172143
573.81	0.5	_	28	172143
574.2133333333334	0.5	nontarget	29	172264
574.2133333333334	0.5	I	10	172264
574.61	0.5	nontarget	29	172383
574.61	0.5	W	24	172383
575.0066666666667	0.5	nontarget	29	172502
575.0066666666667	0.5	A	2	172502
575.41	0.5	nontarget	29	172623
575.41	0.5	X	25	172623
575.8066666666666	0.5	nontarget	29	172742
575.8066666666666	0.5	T	21	172742
576.2066666666667	0.5	nontarget	29	172862
576.2066666666667	0.5	B	3	172862
582.7766666666666	0.5	nontarget	29	174833
582.7766666666666	0.5	L	13	174833
583.18	0.5	nontarget	29	174954
583.18	0.5	Y	26	174954
583.5833333333334	0.5	nontarget	29	175075
583.5833333333334	0.5	C	4	175075
583.9933333333333	0.5	nontarget	29	175198
583.9933333333333	0.5	M	14	175198
584.4	0.5	nontarget	29	175320
584.4	0.5	B	3	175320
584.8033333333333	0.5	target	30	175441
584.8033333333333	0.5	G	8	175441
585.21	0.5	nontarget	29	175563
585.21	0.5	S	20	175563
585.6133333333333	0.5	nontarget	29	175684
585.6133333333333	0.5	T	21	175684
586.0166666666667	0.5	nontarget	29	175805
586.0166666666667	0.5	X	25	175805
586.42	0.5	nontarget	29	175926
586.42	0.5	K	12	175926
592.95	0.5	nontarget	29	177885
592.95	0.5	S	20	177885
593.3566666666667	0.5	nontarget	29	178007
593.3566666666667	0.5	P	17	178007
593.7533333333333	0.5	nontarget	29	178126
593.7533333333333	0.5	I	10	178126
594.1533333333333	0.5	nontarget	29	178246
594.1533333333333	0.5	Y	26	178246
594.55	0.5	nontarget	29	178365
594.55	0.5	C	4	178365
594.9433333333334	0.5	nontarget	29	178483
594.9433333333334	0.5	J	11	178483
595.3466666666667	0.5	nontarget	29	178604
595.3466666666667	0.5	B	3	178604
595.7566666666667	0.5	nontarget	29	178727
595.7566666666667	0.5	A	2	178727
596.16	0.5	target	30	178848
596.16	0.5	U	22	178848
596.56	0.5	nontarget	29	178968
596.56	0.5	Q	18	178968
603.0833333333334	0.5	nontarget	29	180925
603.0833333333334	0.5	C	4	180925
603.4866666666667	0.5	nontarget	29	181046
603.4866666666667	0.5	X	25	181046
603.89	0.5	nontarget	29	181167
603.89	0.5	F	7	181167
604.2966666666666	0.5	nontarget	29	181289
604.2966666666666	0.5	H	9	181289
604.7	0.5	nontarget	29	181410
604.7	0.5	K	12	181410
605.1033333333334	0.5	nontarget	29	181531
605.1033333333334	0.5	A	2	181531
605.5033333333333	0.5	nontarget	29	181651
605.5033333333333	0.5	S	20	181651
605.9	0.5	nontarget	29	181770
605.9	0.5	G	8	181770
606.3	0.5	nontarget	29	181890
606.3	0.5	N	15	181890
606.6966666666667	0.5	nontarget	29	182009
606.6966666666667	0.5	_	28	182009
613.22	0.5	nontarget	29	183966
613.22	0.5	C	4	183966
613.6266666666667	0.5	nontarget	29	184088
613.6266666666667	0.5	L	13	184088
614.03	0.5	nontarget	29	184209
614.03	0.5	P	17	184209
614.4333333333333	0.5	nontarget	29	184330
614.4333333333333	0.5	Y	26	184330
614.84	0.5	target	30	184452
614.84	0.5	H	9	184452
615.2433333333333	0.5	nontarget	29	184573
615.2433333333333	0.5	U	22	184573
615.6466666666666	0.5	nontarget	29	184694
615.6466666666666	0.5	X	25	184694
616.05	0.5	nontarget	29	184815
616.05	0.5	N	15	184815
616.4533333333334	0.5	nontarget	29	184936
616.4533333333334	0.5	W	24	184936
616.8566666666667	0.5	nontarget	29	185057
616.8566666666667	0.5	J	11	185057
623.3633333333333	0.5	nontarget	29	187009
623.3633333333333	0.5	V	23	187009
623.76	0.5	target	30	187128
623.76	0.5	U	22	187128
624.1633333333333	0.5	nontarget	29	187249
624.1633333333333	0.5	O	16	187249
624.5733333333334	0.5	nontarget	29	187372
624.5733333333334	0.5	Y	26	187372
624.9733333333334	0.5	nontarget	29	187492
624.9733333333334	0.5	W	24	187492
625.3833333333333	0.5	nontarget	29	187615
625.3833333333333	0.5	P	17	187615
625.7866666666666	0.5	nontarget	29	187736
625.7866666666666	0.5	<	1	187736
626.19	0.5	nontarget	29	187857
626.19	0.5	J	11	187857
626.5933333333334	0.5	nontarget	29	187978
626.5933333333334	0.5	_	28	187978
626.9966666666667	0.5	nontarget	29	188099
626.9966666666667	0.5	R	19	188099
633.5333333333333	0.5	nontarget	29	190060
633.5333333333333	0.5	Q	18	190060
633.9366666666666	0.5	nontarget	29	190181
633.9366666666666	0.5	M	14	190181
634.34	0.5	target	30	190302
634.34	0.5	F	7	190302
634.7433333333333	0.5	nontarget	29	190423
634.7433333333333	0.5	S	20	190423
635.14	0.5	nontarget	29	190542
635.14	0.5	O	16	190542
635.5433333333333	0.5	nontarget	29	190663
635.5433333333333	0.5	Y	26	190663
635.9466666666667	0.5	nontarget	29	190784
635.9466666666667	0.5	Z	27	190784
636.35	0.5	nontarget	29	190905
636.35	0.5	G	8	190905
636.7466666666667	0.5	nontarget	29	191024
636.7466666666667	0.5	N	15	191024
637.1466666666666	0.5	nontarget	29	191144
637.1466666666666	0.5	T	21	191144
643.67	0.5	nontarget	29	193101
643.67	0.5	T	21	193101
644.0733333333334	0.5	nontarget	29	193222
644.0733333333334	0.5	_	28	193222
644.48	0.5	nontarget	29	193344
644.48	0.5	Y	26	193344
644.8833333333333	0.5	nontarget	29	193465
644.8833333333333	0.5	M	14	193465
645.2866666666666	0.5	nontarget	29	193586
645.2866666666666	0.5	H	9	193586
645.69	0.5	nontarget	29	193707
645.69	0.5	Z	27	193707
646.09	0.5	nontarget	29	193827
646.09	0.5	V	23	193827
646.4933333333333	0.5	target	30	193948
646.4933333333333	0.5	A	2	193948
646.8966666666666	0.5	nontarget	29	194069
646.8966666666666	0.5	B	3	194069
647.2933333333333	0.5	nontarget	29	194188
647.2933333333333	0.5	X	25	194188
653.81	0.5	nontarget	29	196143
653.81	0.5	L	13	196143
654.22	0.5	nontarget	29	196266
654.22	0.5	S	20	196266
654.6233333333333	0.5	nontarget	29	196387
654.6233333333333	0.5	<	1	196387
655.0233333333333	0.5	target	30	196507
655.0233333333333	0.5	O	16	196507
655.43	0.5	nontarget	29	196629
655.43	0.5	H	9	196629
655.83	0.5	nontarget	29	196749
655.83	0.5	M	14	196749
656.24	0.5	nontarget	29	196872
656.24	0.5	W	24	196872
656.64	0.5	nontarget	29	196992
656.64	0.5	T	21	196992
657.0433333333333	0.5	nontarget	29	197113
657.0433333333333	0.5	E	6	197113
657.45	0.5	nontarget	29	197235
657.45	0.5	N	15	197235
663.9766666666667	0.5	nontarget	29	199193
663.9766666666667	0.5	Z	27	199193
664.3766666666667	0.5	nontarget	29	199313
664.3766666666667	0.5	J	11	199313
664.7733333333333	0.5	nontarget	29	199432
664.7733333333333	0.5	E	6	199432
665.17	0.5	nontarget	29	199551
665.17	0.5	A	2	199551
665.5733333333334	0.5	nontarget	29	199672
665.5733333333334	0.5	C	4	199672
665.9766666666667	0.5	nontarget	29	199793
665.9766666666667	0.5	N	15	199793
666.38	0.5	nontarget	29	199914
666.38	0.5	_	28	199914
666.7833333333333	0.5	nontarget	29	200035
666.7833333333333	0.5	T	21	200035
667.1966666666667	0.5	target	30	200159
667.1966666666667	0.5	L	13	200159
667.6	0.5	nontarget	29	200280
667.6	0.5	I	10	200280
674.1266666666667	0.5	nontarget	29	202238
674.1266666666667	0.5	V	23	202238
674.53	0.5	nontarget	29	202359
674.53	0.5	N	15	202359
674.9333333333333	0.5	nontarget	29	202480
674.9333333333333	0.5	D	5	202480
675.3366666666667	0.5	target	30	202601
675.3366666666667	0.5	R	19	202601
675.7433333333333	0.5	nontarget	29	202723
675.7433333333333	0.5	X	25	202723
676.14	0.5	nontarget	29	202842
676.14	0.5	A	2	202842
676.5366666666666	0.5	nontarget	29	202961
676.5366666666666	0.5	S	20	202961
676.9333333333333	0.5	nontarget	29	203080
676.9333333333333	0.5	Y	26	203080
677.33	0.5	nontarget	29	203199
677.33	0.5	W	24	203199
677.73	0.5	nontarget	29	203319
677.73	0.5	E	6	203319
684.25	0.5	nontarget	29	205275
684.25	0.5	_	28	205275
684.6566666666666	0.5	nontarget	29	205397
684.6566666666666	0.5	B	3	205397
685.06	0.5	nontarget	29	205518
685.06	0.5	G	8	205518
685.4666666666667	0.5	nontarget	29	205640
685.4666666666667	0.5	Z	27	205640
685.87	0.5	target	30	205761
685.87	0.5	M	14	205761
686.2733333333333	0.5	nontarget	29	205882
686.2733333333333	0.5	D	5	205882
686.6766666666666	0.5	nontarget	29	206003
686.6766666666666	0.5	C	4	206003
687.08	0.5	nontarget	29	206124
687.08	0.5	S	20	206124
687.48	0.5	nontarget	29	206244
687.48	0.5	F	7	206244
687.8866666666667	0.5	nontarget	29	206366
687.8866666666667	0.5	W	24	206366
694.4	0.5	nontarget	29	208320
694.4	0.5	Q	18	208320
694.8	0.5	nontarget	29	208440
694.8	0.5	S	20	208440
695.21	0.5	target	30	208563
695.21	0.5	R	19	208563
695.62	0.5	nontarget	29	208686
695.62	0.5	A	2	208686
696.0233333333333	0.5	nontarget	29	208807
696.0233333333333	0.5	G	8	208807
696.4266666666666	0.5	nontarget	29	208928
696.4266666666666	0.5	B	3	208928
696.8266666666667	0.5	nontarget	29	209048
696.8266666666667	0.5	P	17	209048
697.23	0.5	nontarget	29	209169
697.23	0.5	<	1	209169
697.63	0.5	nontarget	29	209289
697.63	0.5	V	23	209289
698.0333333333333	0.5	nontarget	29	209410
698.0333333333333	0.5	N	15	209410
704.56	0.5	nontarget	29	211368
704.56	0.5	<	1	211368
704.97	0.5	nontarget	29	211491
704.97	0.5	T	21	211491
705.37	0.5	nontarget	29	211611
705.37	0.5	P	17	211611
705.77	0.5	nontarget	29	211731
705.77	0.5	B	3	211731
706.1666666666666	0.5	nontarget	29	211850
706.1666666666666	0.5	L	13	211850
706.5666666666667	0.5	nontarget	29	211970
706.5666666666667	0.5	S	20	211970
706.9633333333334	0.5	nontarget	29	212089
706.9633333333334	0.5	V	23	212089
707.3666666666667	0.5	nontarget	29	212210
707.3666666666667	0.5	Y	26	212210
707.77	0.5	nontarget	29	212331
707.77	0.5	U	22	212331
708.1733333333333	0.5	target	30	212452
708.1733333333333	0.5	I	10	212452
714.7033333333334	0.5	nontarget	29	214411
714.7033333333334	0.5	G	8	214411
715.1066666666667	0.5	target	30	214532
715.1066666666667	0.5	L	13	214532
715.51	0.5	nontarget	29	214653
715.51	0.5	J	11	214653
715.9133333333333	0.5	nontarget	29	214774
715.9133333333333	0.5	I	10	214774
716.3166666666667	0.5	nontarget	29	214895
716.3166666666667	0.5	R	19	214895
716.7166666666667	0.5	nontarget	29	215015
716.7166666666667	0.5	M	14	215015
717.12	0.5	nontarget	29	215136
717.12	0.5	C	4	215136
717.5166666666667	0.5	nontarget	29	215255
717.5166666666667	0.5	<	1	215255
717.9166666666666	0.5	nontarget	29	215375
717.9166666666666	0.5	N	15	215375
718.3133333333334	0.5	nontarget	29	215494
718.3133333333334	0.5	T	21	215494
724.84	0.5	nontarget	29	217452
724.84	0.5	Y	26	217452
725.2433333333333	0.5	nontarget	29	217573
725.2433333333333	0.5	A	2	217573
725.6433333333333	0.5	nontarget	29	217693
725.6433333333333	0.5	S	20	217693
726.06	0.5	nontarget	29	217818
726.06	0.5	F	7	217818
726.4633333333334	0.5	target	30	217939
726.4633333333334	0.5	P	17	217939
726.8666666666667	0.5	nontarget	29	218060
726.8666666666667	0.5	T	21	218060
727.27	0.5	nontarget	29	218181
727.27	0.5	J	11	218181
727.6766666666666	0.5	nontarget	29	218303
727.6766666666666	0.5	W	24	218303
728.08	0.5	nontarget	29	218424
728.08	0.5	E	6	218424
728.4833333333333	0.5	nontarget	29	218545
728.4833333333333	0.5	I	10	218545
735.0133333333333	0.5	nontarget	29	220504
735.0133333333333	0.5	S	20	220504
735.41	0.5	nontarget	29	220623
735.41	0.5	Z	27	220623
735.81	0.5	nontarget	29	220743
735.81	0.5	H	9	220743
736.2066666666667	0.5	nontarget	29	220862
736.2066666666667	0.5	<	1	220862
736.6133333333333	0.5	nontarget	29	220984
736.6133333333333	0.5	Q	18	220984
737.0166666666667	0.5	nontarget	29	221105
737.0166666666667	0.5	A	2	221105
737.42	0.5	nontarget	29	221226
737.42	0.5	Y	26	221226
737.8266666666667	0.5	nontarget	29	221348
737.8266666666667	0.5	K	12	221348
738.23	0.5	nontarget	29	221469
738.23	0.5	O	16	221469
738.6333333333333	0.5	nontarget	29	221590
738.6333333333333	0.5	D	5	221590
745.1566666666666	0.5	nontarget	29	223547
745.1566666666666	0.5	H	9	223547
745.5633333333334	0.5	nontarget	29	223669
745.5633333333334	0.5	T	21	223669
745.9666666666667	0.5	nontarget	29	223790
745.9666666666667	0.5	I	10	223790
746.37	0.5	nontarget	29	223911
746.37	0.5	O	16	223911
746.7733333333333	0.5	nontarget	29	224032
746.7733333333333	0.5	Y	26	224032
747.17	0.5	nontarget	29	224151
747.17	0.5	N	15	224151
747.5666666666667	0.5	target	30	224270
747.5666666666667	0.5	M	14	224270
747.9666666666667	0.5	nontarget	29	224390
747.9666666666667	0.5	G	8	224390
748.3633333333333	0.5	nontarget	29	224509
748.3633333333333	0.5	E	6	224509
748.76	0.5	nontarget	29	224628
748.76	0.5	P	17	224628
755.2833333333333	0.5	nontarget	29	226585
755.2833333333333	0.5	N	15	226585
755.6866666666666	0.5	nontarget	29	226706
755.6866666666666	0.5	E	6	226706
756.0933333333334	0.5	nontarget	29	226828
756.0933333333334	0.5	M	14	226828
756.4966666666667	0.5	nontarget	29	226949
756.4966666666667	0.5	H	9	226949
756.9033333333333	0.5	nontarget	29	227071
756.9033333333333	0.5	V	23	227071
757.3166666666667	0.5	nontarget	29	227195
757.3166666666667	0.5	X	25	227195
757.72	0.5	nontarget	29	227316
757.72	0.5	Y	26	227316
758.1233333333333	0.5	nontarget	29	227437
758.1233333333333	0.5	K	12	227437
758.53	0.5	nontarget	29	227559
758.53	0.5	S	20	227559
758.9333333333333	0.5	nontarget	29	227680
758.9333333333333	0.5	<	1	227680
765.45	0.5	nontarget	29	229635
765.45	0.5	Z	27	229635
765.85	0.5	target	30	229755
765.85	0.5	S	20	229755
766.2533333333333	0.5	nontarget	29	229876
766.2533333333333	0.5	I	10	229876
766.6633333333333	0.5	nontarget	29	229999
766.6633333333333	0.5	T	21	229999
767.0666666666667	0.5	nontarget	29	230120
767.0666666666667	0.5	Q	18	230120
767.47	0.5	nontarget	29	230241
767.47	0.5	E	6	230241
767.8733333333333	0.5	nontarget	29	230362
767.8733333333333	0.5	P	17	230362
768.28	0.5	nontarget	29	230484
768.28	0.5	G	8	230484
768.6866666666666	0.5	nontarget	29	230606
768.6866666666666	0.5	C	4	230606
769.09	0.5	nontarget	29	230727
769.09	0.5	J	11	230727
775.63	0.5	nontarget	29	232689
775.63	0.5	L	13	232689
776.0333333333333	0.5	nontarget	29	232810
776.0333333333333	0.5	W	24	232810
776.4366666666666	0.5	nontarget	29	232931
776.4366666666666	0.5	N	15	232931
776.84	0.5	nontarget	29	233052
776.84	0.5	I	10	233052
777.2433333333333	0.5	nontarget	29	233173
777.2433333333333	0.5	A	2	233173
777.64	0.5	nontarget	29	233292
777.64	0.5	B	3	233292
778.05	0.5	nontarget	29	233415
778.05	0.5	G	8	233415
778.4533333333334	0.5	nontarget	29	233536
778.4533333333334	0.5	K	12	233536
778.86	0.5	nontarget	29	233658
778.86	0.5	T	21	233658
779.2633333333333	0.5	nontarget	29	233779
779.2633333333333	0.5	C	4	233779
785.78	0.5	target	30	235734
785.78	0.5	R	19	235734
786.1866666666666	0.5	nontarget	29	235856
786.1866666666666	0.5	M	14	235856
786.59	0.5	nontarget	29	235977
786.59	0.5	W	24	235977
786.9933333333333	0.5	nontarget	29	236098
786.9933333333333	0.5	F	7	236098
787.3966666666666	0.5	nontarget	29	236219
787.3966666666666	0.5	_	28	236219
787.93	0.5	nontarget	29	236379
787.93	0.5	C	4	236379
788.3333333333334	0.5	nontarget	29	236500
788.3333333333334	0.5	V	23	236500
788.74	0.5	nontarget	29	236622
788.74	0.5	S	20	236622
789.1433333333333	0.5	nontarget	29	236743
789.1433333333333	0.5	I	10	236743
789.55	0.5	nontarget	29	236865
789.55	0.5	<	1	236865
796.0866666666667	0.5	nontarget	29	238826
796.0866666666667	0.5	M	14	238826
796.49	0.5	nontarget	29	238947
796.49	0.5	H	9	238947
796.8933333333333	0.5	nontarget	29	239068
796.8933333333333	0.5	R	19	239068
797.2966666666666	0.5	nontarget	29	239189
797.2966666666666	0.5	X	25	239189
797.7	0.5	nontarget	29	239310
797.7	0.5	N	15	239310
798.1033333333334	0.5	target	30	239431
798.1033333333334	0.5	Z	27	239431
798.5066666666667	0.5	nontarget	29	239552
798.5066666666667	0.5	C	4	239552
798.91	0.5	nontarget	29	239673
798.91	0.5	Y	26	239673
799.31	0.5	nontarget	29	239793
799.31	0.5	I	10	239793
799.7066666666667	0.5	nontarget	29	239912
799.7066666666667	0.5	E	6	239912
806.23	0.5	nontarget	29	241869
806.23	0.5	E	6	241869
806.6333333333333	0.5	nontarget	29	241990
806.6333333333333	0.5	P	17	241990
807.04	0.5	nontarget	29	242112
807.04	0.5	T	21	242112
807.4466666666667	0.5	nontarget	29	242234
807.4466666666667	0.5	O	16	242234
807.8533333333334	0.5	nontarget	29	242356
807.8533333333334	0.5	X	25	242356
808.2633333333333	0.5	nontarget	29	242479
808.2633333333333	0.5	B	3	242479
808.6666666666666	0.5	target	30	242600
808.6666666666666	0.5	H	9	242600
809.0666666666667	0.5	nontarget	29	242720
809.0666666666667	0.5	Z	27	242720
809.4766666666667	0.5	nontarget	29	242843
809.4766666666667	0.5	Q	18	242843
809.8833333333333	0.5	nontarget	29	242965
809.8833333333333	0.5	D	5	242965
816.42	0.5	nontarget	29	244926
816.42	0.5	F	7	244926
816.8233333333334	0.5	nontarget	29	245047
816.8233333333334	0.5	W	24	245047
817.2266666666667	0.5	nontarget	29	245168
817.2266666666667	0.5	G	8	245168
817.6233333333333	0.5	nontarget	29	245287
817.6233333333333	0.5	E	6	245287
818.02	0.5	target	30	245406
818.02	0.5	J	11	245406
818.4166666666666	0.5	nontarget	29	245525
818.4166666666666	0.5	P	17	245525
818.8133333333334	0.5	nontarget	29	245644
818.8133333333334	0.5	V	23	245644
819.2166666666667	0.5	nontarget	29	245765
819.2166666666667	0.5	D	5	245765
819.62	0.5	nontarget	29	245886
819.62	0.5	T	21	245886
820.0233333333333	0.5	nontarget	29	246007
820.0233333333333	0.5	H	9	246007
826.5466666666666	0.5	nontarget	29	247964
826.5466666666666	0.5	T	21	247964
826.95	0.5	nontarget	29	248085
826.95	0.5	Y	26	248085
827.3566666666667	0.5	target	30	248207
827.3566666666667	0.5	U	22	248207
827.76	0.5	nontarget	29	248328
827.76	0.5	M	14	248328
828.1633333333333	0.5	nontarget	29	248449
828.1633333333333	0.5	W	24	248449
828.5666666666667	0.5	nontarget	29	248570
828.5666666666667	0.5	O	16	248570
828.97	0.5	nontarget	29	248691
828.97	0.5	Z	27	248691
829.3666666666667	0.5	nontarget	29	248810
829.3666666666667	0.5	E	6	248810
829.7633333333333	0.5	nontarget	29	248929
829.7633333333333	0.5	G	8	248929
830.1633333333333	0.5	nontarget	29	249049
830.1633333333333	0.5	C	4	249049
836.68	0.5	nontarget	29	251004
836.68	0.5	G	8	251004
837.0833333333334	0.5	target	30	251125
837.0833333333334	0.5	L	13	251125
837.4866666666667	0.5	nontarget	29	251246
837.4866666666667	0.5	J	11	251246
837.89	0.5	nontarget	29	251367
837.89	0.5	D	5	251367
838.2966666666666	0.5	nontarget	29	251489
838.2966666666666	0.5	V	23	251489
838.6966666666667	0.5	nontarget	29	251609
838.6966666666667	0.5	B	3	251609
839.1033333333334	0.5	nontarget	29	251731
839.1033333333334	0.5	W	24	251731
839.5033333333333	0.5	nontarget	29	251851
839.5033333333333	0.5	M	14	251851
839.91	0.5	nontarget	29	251973
839.91	0.5	R	19	251973
840.3133333333334	0.5	nontarget	29	252094
840.3133333333334	0.5	X	25	252094
846.83	0.5	nontarget	29	254049
846.83	0.5	N	15	254049
847.2466666666667	0.5	nontarget	29	254174
847.2466666666667	0.5	F	7	254174
847.6466666666666	0.5	nontarget	29	254294
847.6466666666666	0.5	D	5	254294
848.0533333333333	0.5	target	30	254416
848.0533333333333	0.5	T	21	254416
848.4566666666667	0.5	nontarget	29	254537
848.4566666666667	0.5	Y	26	254537
848.86	0.5	nontarget	29	254658
848.86	0.5	O	16	254658
849.2633333333333	0.5	nontarget	29	254779
849.2633333333333	0.5	C	4	254779
849.6666666666666	0.5	nontarget	29	254900
849.6666666666666	0.5	H	9	254900
850.0766666666667	0.5	nontarget	29	255023
850.0766666666667	0.5	W	24	255023
850.48	0.5	nontarget	29	255144
850.48	0.5	I	10	255144
857.0133333333333	0.5	nontarget	29	257104
857.0133333333333	0.5	I	10	257104
857.4166666666666	0.5	nontarget	29	257225
857.4166666666666	0.5	E	6	257225
857.82	0.5	nontarget	29	257346
857.82	0.5	X	25	257346
858.2233333333334	0.5	nontarget	29	257467
858.2233333333334	0.5	S	20	257467
858.6266666666667	0.5	nontarget	29	257588
858.6266666666667	0.5	A	2	257588
859.0266666666666	0.5	target	30	257708
859.0266666666666	0.5	N	15	257708
859.4233333333333	0.5	nontarget	29	257827
859.4233333333333	0.5	O	16	257827
859.8233333333334	0.5	nontarget	29	257947
859.8233333333334	0.5	U	22	257947
860.22	0.5	nontarget	29	258066
860.22	0.5	B	3	258066
860.62	0.5	nontarget	29	258186
860.62	0.5	Z	27	258186
867.1433333333333	0.5	target	30	260143
867.1433333333333	0.5	_	28	260143
867.5466666666666	0.5	nontarget	29	260264
867.5466666666666	0.5	S	20	260264
867.9533333333334	0.5	nontarget	29	260386
867.9533333333334	0.5	Z	27	260386
868.3566666666667	0.5	nontarget	29	260507
868.3566666666667	0.5	C	4	260507
868.76	0.5	nontarget	29	260628
868.76	0.5	V	23	260628
869.1633333333333	0.5	nontarget	29	260749
869.1633333333333	0.5	J	11	260749
869.5633333333334	0.5	nontarget	29	260869
869.5633333333334	0.5	R	19	260869
869.9666666666667	0.5	nontarget	29	260990
869.9666666666667	0.5	G	8	260990
870.3733333333333	0.5	nontarget	29	261112
870.3733333333333	0.5	O	16	261112
870.78	0.5	nontarget	29	261234
870.78	0.5	B	3	261234
877.29	0.5	nontarget	29	263187
877.29	0.5	G	8	263187
877.6933333333334	0.5	nontarget	29	263308
877.6933333333334	0.5	L	13	263308
878.0966666666667	0.5	target	30	263429
878.0966666666667	0.5	H	9	263429
878.5	0.5	nontarget	29	263550
878.5	0.5	A	2	263550
878.9033333333333	0.5	nontarget	29	263671
878.9033333333333	0.5	X	25	263671
879.31	0.5	nontarget	29	263793
879.31	0.5	N	15	263793
879.72	0.5	nontarget	29	263916
879.72	0.5	F	7	263916
880.1233333333333	0.5	nontarget	29	264037
880.1233333333333	0.5	S	20	264037
880.5333333333333	0.5	nontarget	29	264160
880.5333333333333	0.5	J	11	264160
880.9366666666666	0.5	nontarget	29	264281
880.9366666666666	0.5	M	14	264281
887.4733333333334	0.5	nontarget	29	266242
887.4733333333334	0.5	J	11	266242
887.8766666666667	0.5	target	30	266363
887.8766666666667	0.5	O	16	266363
888.28	0.5	nontarget	29	266484
888.28	0.5	X	25	266484
888.6766666666666	0.5	nontarget	29	266603
888.6766666666666	0.5	Y	26	266603
889.0733333333334	0.5	nontarget	29	266722
889.0733333333334	0.5	M	14	266722
889.47	0.5	nontarget	29	266841
889.47	0.5	C	4	266841
889.87	0.5	nontarget	29	266961
889.87	0.5	D	5	266961
890.28	0.5	nontarget	29	267084
890.28	0.5	_	28	267084
890.6833333333333	0.5	nontarget	29	267205
890.6833333333333	0.5	A	2	267205
891.0833333333334	0.5	nontarget	29	267325
891.0833333333334	0.5	T	21	267325
897.6066666666667	0.5	nontarget	29	269282
897.6066666666667	0.5	B	3	269282
898.01	0.5	nontarget	29	269403
898.01	0.5	K	12	269403
898.4133333333333	0.5	nontarget	29	269524
898.4133333333333	0.5	V	23	269524
898.8166666666667	0.5	nontarget	29	269645
898.8166666666667	0.5	S	20	269645
899.22	0.5	nontarget	29	269766
899.22	0.5	Z	27	269766
899.62	0.5	nontarget	29	269886
899.62	0.5	G	8	269886
900.0233333333333	0.5	nontarget	29	270007
900.0233333333333	0.5	N	15	270007
900.4233333333333	0.5	nontarget	29	270127
900.4233333333333	0.5	D	5	270127
900.8266666666667	0.5	nontarget	29	270248
900.8266666666667	0.5	P	17	270248
901.2233333333334	0.5	target	30	270367
901.2233333333334	0.5	T	21	270367
907.7466666666667	0.5	nontarget	29	272324
907.7466666666667	0.5	M	14	272324
908.1533333333333	0.5	nontarget	29	272446
908.1533333333333	0.5	_	28	272446
908.5566666666666	0.5	nontarget	29	272567
908.5566666666666	0.5	T	21	272567
908.96	0.5	nontarget	29	272688
908.96	0.5	D	5	272688
909.3633333333333	0.5	nontarget	29	272809
909.3633333333333	0.5	Z	27	272809
909.7633333333333	0.5	nontarget	29	272929
909.7633333333333	0.5	C	4	272929
910.17	0.5	nontarget	29	273051
910.17	0.5	H	9	273051
910.5766666666667	0.5	target	30	273173
910.5766666666667	0.5	V	23	273173
910.9766666666667	0.5	nontarget	29	273293
910.9766666666667	0.5	P	17	273293
911.38	0.5	nontarget	29	273414
911.38	0.5	Y	26	273414
917.8933333333333	0.5	nontarget	29	275368
917.8933333333333	0.5	M	14	275368
918.2933333333333	0.5	nontarget	29	275488
918.2933333333333	0.5	_	28	275488
918.6933333333334	0.5	nontarget	29	275608
918.6933333333334	0.5	G	8	275608
919.0966666666667	0.5	nontarget	29	275729
919.0966666666667	0.5	X	25	275729
919.5	0.5	nontarget	29	275850
919.5	0.5	D	5	275850
919.91	0.5	nontarget	29	275973
919.91	0.5	L	13	275973
920.3166666666667	0.5	nontarget	29	276095
920.3166666666667	0.5	W	24	276095
920.7266666666667	0.5	nontarget	29	276218
920.7266666666667	0.5	P	17	276218
921.13	0.5	nontarget	29	276339
921.13	0.5	V	23	276339
921.5333333333333	0.5	nontarget	29	276460
921.5333333333333	0.5	J	11	276460
928.0666666666667	0.5	nontarget	29	278420
928.0666666666667	0.5	V	23	278420
928.47	0.5	target	30	278541
928.47	0.5	N	15	278541
928.8733333333333	0.5	nontarget	29	278662
928.8733333333333	0.5	L	13	278662
929.2833333333333	0.5	nontarget	29	278785
929.2833333333333	0.5	G	8	278785
929.6866666666666	0.5	nontarget	29	278906
929.6866666666666	0.5	M	14	278906
930.09	0.5	nontarget	29	279027
930.09	0.5	J	11	279027
930.4866666666667	0.5	nontarget	29	279146
930.4866666666667	0.5	H	9	279146
930.8866666666667	0.5	nontarget	29	279266
930.8866666666667	0.5	A	2	279266
931.2833333333333	0.5	nontarget	29	279385
931.2833333333333	0.5	C	4	279385
931.68	0.5	nontarget	29	279504
931.68	0.5	<	1	279504
938.2	0.5	nontarget	29	281460
938.2	0.5	_	28	281460
938.6033333333334	0.5	nontarget	29	281581
938.6033333333334	0.5	S	20	281581
939.0066666666667	0.5	nontarget	29	281702
939.0066666666667	0.5	T	21	281702
939.41	0.5	nontarget	29	281823
939.41	0.5	A	2	281823
939.82	0.5	nontarget	29	281946
939.82	0.5	H	9	281946
940.2233333333334	0.5	nontarget	29	282067
940.2233333333334	0.5	M	14	282067
940.6233333333333	0.5	nontarget	29	282187
940.6233333333333	0.5	G	8	282187
941.0266666666666	0.5	nontarget	29	282308
941.0266666666666	0.5	J	11	282308
941.43	0.5	target	30	282429
941.43	0.5	K	12	282429
941.8333333333334	0.5	nontarget	29	282550
941.8333333333334	0.5	B	3	282550
948.3466666666667	0.5	nontarget	29	284504
948.3466666666667	0.5	V	23	284504
948.7466666666667	0.5	nontarget	29	284624
948.7466666666667	0.5	I	10	284624
949.1533333333333	0.5	nontarget	29	284746
949.1533333333333	0.5	J	11	284746
949.5566666666666	0.5	nontarget	29	284867
949.5566666666666	0.5	C	4	284867
949.96	0.5	nontarget	29	284988
949.96	0.5	E	6	284988
950.3666666666667	0.5	nontarget	29	285110
950.3666666666667	0.5	N	15	285110
950.77	0.5	target	30	285231
950.77	0.5	R	19	285231
951.18	0.5	nontarget	29	285354
951.18	0.5	H	9	285354
951.5833333333334	0.5	nontarget	29	285475
951.5833333333334	0.5	M	14	285475
951.9866666666667	0.5	nontarget	29	285596
951.9866666666667	0.5	D	5	285596
958.5133333333333	0.5	nontarget	29	287554
958.5133333333333	0.5	I	10	287554
958.9166666666666	0.5	nontarget	29	287675
958.9166666666666	0.5	M	14	287675
959.32	0.5	nontarget	29	287796
959.32	0.5	_	28	287796
959.7233333333334	0.5	nontarget	29	287917
959.7233333333334	0.5	W	24	287917
960.1233333333333	0.5	nontarget	29	288037
960.1233333333333	0.5	X	25	288037
960.5566666666666	0.5	nontarget	29	288167
960.5566666666666	0.5	Z	27	288167
960.9633333333334	0.5	nontarget	29	288289
960.9633333333334	0.5	P	17	288289
961.36	0.5	nontarget	29	288408
961.36	0.5	Q	18	288408
961.76	0.5	nontarget	29	288528
961.76	0.5	R	19	288528
962.1566666666666	0.5	target	30	288647
962.1566666666666	0.5	G	8	288647
968.68	0.5	nontarget	29	290604
968.68	0.5	L	13	290604
969.0866666666667	0.5	nontarget	29	290726
969.0866666666667	0.5	H	9	290726
969.49	0.5	nontarget	29	290847
969.49	0.5	M	14	290847
969.8933333333333	0.5	nontarget	29	290968
969.8933333333333	0.5	_	28	290968
970.2966666666666	0.5	nontarget	29	291089
970.2966666666666	0.5	A	2	291089
970.7033333333334	0.5	nontarget	29	291211
970.7033333333334	0.5	S	20	291211
971.1066666666667	0.5	nontarget	29	291332
971.1066666666667	0.5	V	23	291332
971.5133333333333	0.5	target	30	291454
971.5133333333333	0.5	I	10	291454
971.92	0.5	nontarget	29	291576
971.92	0.5	<	1	291576
972.3266666666667	0.5	nontarget	29	291698
972.3266666666667	0.5	J	11	291698
978.8466666666667	0.5	nontarget	29	293654
978.8466666666667	0.5	N	15	293654
979.2466666666667	0.5	nontarget	29	293774
979.2466666666667	0.5	C	4	293774
979.6433333333333	0.5	nontarget	29	293893
979.6433333333333	0.5	J	11	293893
980.0433333333333	0.5	nontarget	29	294013
980.0433333333333	0.5	L	13	294013
980.4833333333333	0.5	nontarget	29	294145
980.4833333333333	0.5	X	25	294145
980.89	0.5	target	30	294267
980.89	0.5	<	1	294267
981.29	0.5	nontarget	29	294387
981.29	0.5	B	3	294387
981.6866666666666	0.5	nontarget	29	294506
981.6866666666666	0.5	_	28	294506
982.09	0.5	nontarget	29	294627
982.09	0.5	A	2	294627
982.4966666666667	0.5	nontarget	29	294749
982.4966666666667	0.5	S	20	294749
989.0233333333333	0.5	nontarget	29	296707
989.0233333333333	0.5	N	15	296707
989.4266666666666	0.5	nontarget	29	296828
989.4266666666666	0.5	V	23	296828
989.83	0.5	nontarget	29	296949
989.83	0.5	X	25	296949
990.2333333333333	0.5	nontarget	29	297070
990.2333333333333	0.5	W	24	297070
990.6366666666667	0.5	nontarget	29	297191
990.6366666666667	0.5	_	28	297191
991.04	0.5	nontarget	29	297312
991.04	0.5	M	14	297312
991.4466666666667	0.5	nontarget	29	297434
991.4466666666667	0.5	Q	18	297434
991.85	0.5	nontarget	29	297555
991.85	0.5	D	5	297555
992.2533333333333	0.5	target	30	297676
992.2533333333333	0.5	A	2	297676
992.65	0.5	nontarget	29	297795
992.65	0.5	L	13	297795
999.1733333333333	0.5	nontarget	29	299752
999.1733333333333	0.5	W	24	299752
999.5733333333334	0.5	nontarget	29	299872
999.5733333333334	0.5	L	13	299872
999.98	0.5	nontarget	29	299994
999.98	0.5	N	15	299994
1000.4133333333333	0.5	nontarget	29	300124
1000.4133333333333	0.5	D	5	300124
1000.8266666666667	0.5	nontarget	29	300248
1000.8266666666667	0.5	U	22	300248
1001.2266666666667	0.5	target	30	300368
1001.2266666666667	0.5	A	2	300368
1001.6333333333333	0.5	nontarget	29	300490
1001.6333333333333	0.5	_	28	300490
1002.0366666666666	0.5	nontarget	29	300611
1002.0366666666666	0.5	S	20	300611
1002.44	0.5	nontarget	29	300732
1002.44	0.5	F	7	300732
1002.8466666666667	0.5	nontarget	29	300854
1002.8466666666667	0.5	B	3	300854
1009.4933333333333	0.5	nontarget	29	302848
1009.4933333333333	0.5	T	21	302848
1009.8933333333333	0.5	nontarget	29	302968
1009.8933333333333	0.5	Z	27	302968
1010.3	0.5	nontarget	29	303090
1010.3	0.5	W	24	303090
1010.7033333333334	0.5	nontarget	29	303211
1010.7033333333334	0.5	D	5	303211
1011.1066666666667	0.5	nontarget	29	303332
1011.1066666666667	0.5	L	13	303332
1011.51	0.5	nontarget	29	303453
1011.51	0.5	F	7	303453
1011.9133333333333	0.5	nontarget	29	303574
1011.9133333333333	0.5	C	4	303574
1012.32	0.5	nontarget	29	303696
1012.32	0.5	R	19	303696
1012.72	0.5	nontarget	29	303816
1012.72	0.5	N	15	303816
1013.1266666666667	0.5	target	30	303938
1013.1266666666667	0.5	Y	26	303938
1019.6566666666666	0.5	nontarget	29	305897
1019.6566666666666	0.5	E	6	305897
1020.06	0.5	nontarget	29	306018
1020.06	0.5	C	4	306018
1020.4966666666667	0.5	nontarget	29	306149
1020.4966666666667	0.5	V	23	306149
1020.8966666666666	0.5	nontarget	29	306269
1020.8966666666666	0.5	B	3	306269
1021.3	0.5	nontarget	29	306390
1021.3	0.5	L	13	306390
1021.7066666666667	0.5	target	30	306512
1021.7066666666667	0.5	G	8	306512
1022.1166666666667	0.5	nontarget	29	306635
1022.1166666666667	0.5	_	28	306635
1022.52	0.5	nontarget	29	306756
1022.52	0.5	X	25	306756
1022.92	0.5	nontarget	29	306876
1022.92	0.5	U	22	306876
1023.3166666666667	0.5	nontarget	29	306995
1023.3166666666667	0.5	N	15	306995
1029.8466666666666	0.5	nontarget	29	308954
1029.8466666666666	0.5	O	16	308954
1030.2566666666667	0.5	nontarget	29	309077
1030.2566666666667	0.5	T	21	309077
1030.66	0.5	nontarget	29	309198
1030.66	0.5	F	7	309198
1031.0666666666666	0.5	nontarget	29	309320
1031.0666666666666	0.5	Y	26	309320
1031.47	0.5	nontarget	29	309441
1031.47	0.5	G	8	309441
1031.87	0.5	target	30	309561
1031.87	0.5	N	15	309561
1032.28	0.5	nontarget	29	309684
1032.28	0.5	<	1	309684
1032.6833333333334	0.5	nontarget	29	309805
1032.6833333333334	0.5	P	17	309805
1033.0866666666666	0.5	nontarget	29	309926
1033.0866666666666	0.5	U	22	309926
1033.49	0.5	nontarget	29	310047
1033.49	0.5	D	5	310047
1040.02	0.5	target	30	312006
1040.02	0.5	<	1	312006
1040.46	0.5	nontarget	29	312138
1040.46	0.5	_	28	312138
1040.8633333333332	0.5	nontarget	29	312259
1040.8633333333332	0.5	S	20	312259
1041.2666666666667	0.5	nontarget	29	312380
1041.2666666666667	0.5	D	5	312380
1041.6733333333334	0.5	nontarget	29	312502
1041.6733333333334	0.5	W	24	312502
1042.08	0.5	nontarget	29	312624
1042.08	0.5	E	6	312624
1042.4833333333333	0.5	nontarget	29	312745
1042.4833333333333	0.5	Q	18	312745
1042.8833333333334	0.5	nontarget	29	312865
1042.8833333333334	0.5	P	17	312865
1043.2833333333333	0.5	nontarget	29	312985
1043.2833333333333	0.5	C	4	312985
1043.68	0.5	nontarget	29	313104
1043.68	0.5	A	2	313104
